Header,NTDS_Page,Definition,Timing,Type,Usage,One_Hot_Grouping,Y
inc_key,,,,,,,
SEX,12,The patient's sex.,1,1,1,,
SEX_BIU,12,The patient's sex.,1,1,0,,
AGEyears,9,The patient's age at the time of injury (best approximation).,1,3,1,,
AMERICANINDIAN,10,The patient's race.,1,1,0,1,
ASIAN,10,The patient's race.,1,1,0,1,
BLACK,10,The patient's race.,1,1,0,1,
PACIFICISLANDER,10,The patient's race.,1,1,0,1,
RACEOTHER,10,The patient's race.,1,1,0,1,
WHITE,10,The patient's race.,1,1,0,1,
RACE_NA,10,The patient's race.,1,1,0,1,
RACE_UK,10,The patient's race.,1,1,0,1,
ETHNICITY,11,The patient's ethnicity.,1,1,0,,
ETHNICITY_BIU,11,The patient's ethnicity.,1,1,0,,
WORKRELATED,17,Indication of whether the injury occurred during paid employment.,1,1,0,,
WORKRELATED_BIU,17,Indication of whether the injury occurred during paid employment.,1,1,0,,
PTOCCUPATIONALINDUSTRY,18,The occupational industry associated with the patient's work environment.,1,2,0,,
PTOCCUPATIONALINDUSTRY_BIU,18,The occupational industry associated with the patient's work environment.,1,2,0,,
PATIENTSOCCUPATION,19,The occupation of the patient.,2,2,0,,
PATIENTSOCCUPATION_BIU,19,The occupation of the patient.,2,2,0,,
PLACEOFINJURYCODE,21,Place of occurrence external cause code used to describe the place/site/location of the injury event (Y92.X).,1,2,0,,
PLACEOFINJURYCODE_BIU,21,Place of occurrence external cause code used to describe the place/site/location of the injury event (Y92.X).,1,2,0,,
PRIMARYECODEICD10,20,External cause code used to describe the mechanism (or external factor) that caused the injury event.,1,2,0,,
PRIMARYECODEICD10_BIU,20,External cause code used to describe the mechanism (or external factor) that caused the injury event.,1,2,0,,
ADDITIONALECODE1,22,Additional external cause code used in conjunction with the primary external cause code if multiple external cause codes are required to describe the injury event.,1,4,0,,
ADDITIONALECODE1_BIU,22,Additional external cause code used in conjunction with the primary external cause code if multiple external cause codes are required to describe the injury event.,1,2,0,,
ADDITIONALECODE2,22,Additional external cause code used in conjunction with the primary external cause code if multiple external cause codes are required to describe the injury event.,1,4,0,,
ADDITIONALECODE2_BIU,22,Additional external cause code used in conjunction with the primary external cause code if multiple external cause codes are required to describe the injury event.,1,2,0,,
PROTDEV_NONE,28,Protective devices (safety equipment) in use or worn by the patient at the time of the injury.,1,1,1,,
PROTDEV_LAP_BELT,28,Protective devices (safety equipment) in use or worn by the patient at the time of the injury.,1,1,1,,
PROTDEV_PER_FLOAT,28,Protective devices (safety equipment) in use or worn by the patient at the time of the injury.,1,1,1,,
PROTDEV_PROTECT_GEAR,28,Protective devices (safety equipment) in use or worn by the patient at the time of the injury.,1,1,1,,
PROTDEV_EYE_PROTECT,28,Protective devices (safety equipment) in use or worn by the patient at the time of the injury.,1,1,1,,
PROTDEV_CHILD_RESTRAINT,28,Protective devices (safety equipment) in use or worn by the patient at the time of the injury.,1,1,1,,
PROTDEV_HELMET,28,Protective devices (safety equipment) in use or worn by the patient at the time of the injury.,1,1,1,,
PROTDEV_AIRBAG_PRESENT,28,Protective devices (safety equipment) in use or worn by the patient at the time of the injury.,1,1,1,,
PROTDEV_PROTECT_CLOTH,28,Protective devices (safety equipment) in use or worn by the patient at the time of the injury.,1,1,1,,
PROTDEV_SHOULDER_BELT,28,Protective devices (safety equipment) in use or worn by the patient at the time of the injury.,1,1,1,,
PROTDEV_OTHER,28,Protective devices (safety equipment) in use or worn by the patient at the time of the injury.,1,1,1,,
PROTDEV_NA,28,Protective devices (safety equipment) in use or worn by the patient at the time of the injury.,1,1,1,,
PROTDEV_UK,28,Protective devices (safety equipment) in use or worn by the patient at the time of the injury.,1,1,1,,
CHILDSPECIFICRESTRAINT,29,Protective child restraint devices used by patient at the time of injury.,1,1,0,,
AIRBAG_NOTDEPLOYED,30,Indication of airbag deployment during a motor vehicle crash.,1,1,1,,
AIRBAG_DEPLOYED_FRNT,30,Indication of airbag deployment during a motor vehicle crash.,1,1,1,,
AIRBAG_DEPLOYED_SIDE,30,Indication of airbag deployment during a motor vehicle crash.,1,1,1,,
AIRBAG_DEPLOYED_OTHER,30,Indication of airbag deployment during a motor vehicle crash.,1,1,1,,
AIRBAG_DEPLOYED_NA,30,Indication of airbag deployment during a motor vehicle crash.,1,1,1,,
AIRBAG_DEPLOYED_UK,30,Indication of airbag deployment during a motor vehicle crash.,1,1,1,,
TRANSPORTMODE,38,The mode of transport delivering the patient to your hospital.,1,2,1,,
TRANSPORTMODE_BIU,38,The mode of transport delivering the patient to your hospital.,,2,0,,
TM_GROUNDAMBULANCE,38,The mode of transport delivering the patient to your hospital.,1,1,0,,
TM_HELICOPTERAMBULANCE,38,The mode of transport delivering the patient to your hospital.,1,1,0,,
TM_FIXEDWINGAMBULANCE,38,The mode of transport delivering the patient to your hospital.,1,1,0,,
TM_PRIVPUBVEHWALKIN,38,The mode of transport delivering the patient to your hospital.,1,1,0,,
TM_POLICE,38,The mode of transport delivering the patient to your hospital.,1,1,0,,
TM_OTHER,38,The mode of transport delivering the patient to your hospital.,1,1,0,,
TM_NA,38,The mode of transport delivering the patient to your hospital.,1,1,0,,
TM_UK,38,The mode of transport delivering the patient to your hospital.,1,1,0,,
EMSSBP,40,First recorded systolic blood pressure measured at the scene of injury.,1,3,1,,
EMSSBP_BIU,40,First recorded systolic blood pressure measured at the scene of injury.,1,2,1,,
EMSPULSERATE,41,"First recorded pulse measured at the scene of injury (palpated or auscultated), expressed as a number per minute.",1,3,1,,
EMSPULSERATE_BIU,41,"First recorded pulse measured at the scene of injury (palpated or auscultated), expressed as a number per minute.",1,2,1,,
EMSRESPIRATORYRATE,42,First recorded respiratory rate measured at the scene of injury (expressed as a number per minute).,1,3,1,,
EMSRESPIRATORYRATE_BIU,42,First recorded respiratory rate measured at the scene of injury (expressed as a number per minute).,1,2,1,,
EMSPULSEOXIMETRY,43,First recorded oxygen saturation measured at the scene of injury (expressed as a percentage).,1,3,1,,
EMSPULSEOXIMETRY_BIU,43,First recorded oxygen saturation measured at the scene of injury (expressed as a percentage).,1,2,1,,
EMSGCSEYE,44,First recorded Glasgow Coma Score (Eye) measured at the scene of injury.,1,2,1,,
EMSGCSEYE_BIU,44,First recorded Glasgow Coma Score (Eye) measured at the scene of injury.,1,2,1,,
EMSGCSMOTOR,46,First recorded Glasgow Coma Score (Motor) measured at the scene of injury.,1,2,1,,
EMSGCSMOTOR_BIU,46,First recorded Glasgow Coma Score (Motor) measured at the scene of injury.,1,2,1,,
EMSGCSVERBAL,45,First recorded Glasgow Coma Score (Verbal) measured at the scene of injury.,1,2,1,,
EMSGCSVERBAL_BIU,45,First recorded Glasgow Coma Score (Verbal) measured at the scene of injury.,1,2,1,,
EMSTOTALGCS,47,First recorded Glasgow Coma Score (total) measured at the scene of injury.,1,2,1,,
EMSTOTALGCS_BIU,47,First recorded Glasgow Coma Score (total) measured at the scene of injury.,1,2,1,,
EMSNOTIFYHRS,33,The time the unit transporting to your hospital was notified by dispatch.,1,3,0,,
EMSNOTIFYDAYS,33,The time the unit transporting to your hospital was notified by dispatch.,1,3,0,,
EMSNOTIFYDH_BIU,33,The time the unit transporting to your hospital was notified by dispatch.,1,2,0,,
EMSLEFTHRS,37,The time the unit transporting to your hospital left the scene/transferring facility.,1,3,0,,
EMSLEFTDAYS,37,The time the unit transporting to your hospital left the scene/transferring facility.,1,3,0,,
EMSLEFTDH_BIU,37,The time the unit transporting to your hospital left the scene/transferring facility.,1,2,0,,
EMSARRIVALHRS,35,The time the unit transporting to your hospital arrived on the scene/transferring facility.,1,3,0,,
EMSARRIVALDAYS,35,The time the unit transporting to your hospital arrived on the scene/transferring facility.,1,3,0,,
EMSARRIVALDH_BIU,35,The time the unit transporting to your hospital arrived on the scene/transferring facility.,1,2,0,,
INTERFACILITYTRANSFER,51,Was the patient transferred to your facility from another acute care facility?,1,1,1,,
INTERFACILITYTRANSFER_BIU,51,Was the patient transferred to your facility from another acute care facility?,1,2,0,,
PREHOSPITALCARDIACARREST,54,Indication of whether patient experienced cardiac arrest prior to ED/Hospital arrival.,1,1,1,,
PREHOSPITALCARDIACARREST_BIU,54,Indication of whether patient experienced cardiac arrest prior to ED/Hospital arrival.,1,2,0,,
TCCGCSLE13,52,Physiologic and anatomic EMS trauma triage criteria for transport to a trauma center as defined by the Centers for Disease Control and Prevention and the American College of Surgeons-Committee on Trauma. This information must be found on the scene of injury EMS Run Report.,1,1,1,,
TCCSBPLT30,52,Physiologic and anatomic EMS trauma triage criteria for transport to a trauma center as defined by the Centers for Disease Control and Prevention and the American College of Surgeons-Committee on Trauma. This information must be found on the scene of injury EMS Run Report.,1,1,1,,
TCC10RR29,52,Physiologic and anatomic EMS trauma triage criteria for transport to a trauma center as defined by the Centers for Disease Control and Prevention and the American College of Surgeons-Committee on Trauma. This information must be found on the scene of injury EMS Run Report.,1,1,1,,
TCCPEN,52,Physiologic and anatomic EMS trauma triage criteria for transport to a trauma center as defined by the Centers for Disease Control and Prevention and the American College of Surgeons-Committee on Trauma. This information must be found on the scene of injury EMS Run Report.,1,1,1,,
TCCCHEST,52,Physiologic and anatomic EMS trauma triage criteria for transport to a trauma center as defined by the Centers for Disease Control and Prevention and the American College of Surgeons-Committee on Trauma. This information must be found on the scene of injury EMS Run Report.,1,1,1,,
TCCLONGBONE,52,Physiologic and anatomic EMS trauma triage criteria for transport to a trauma center as defined by the Centers for Disease Control and Prevention and the American College of Surgeons-Committee on Trauma. This information must be found on the scene of injury EMS Run Report.,1,1,1,,
TCCCRUSHED,52,Physiologic and anatomic EMS trauma triage criteria for transport to a trauma center as defined by the Centers for Disease Control and Prevention and the American College of Surgeons-Committee on Trauma. This information must be found on the scene of injury EMS Run Report.,1,1,1,,
TCCAMPUTATION,52,Physiologic and anatomic EMS trauma triage criteria for transport to a trauma center as defined by the Centers for Disease Control and Prevention and the American College of Surgeons-Committee on Trauma. This information must be found on the scene of injury EMS Run Report.,1,1,1,,
TCCPELVIC,52,Physiologic and anatomic EMS trauma triage criteria for transport to a trauma center as defined by the Centers for Disease Control and Prevention and the American College of Surgeons-Committee on Trauma. This information must be found on the scene of injury EMS Run Report.,1,1,1,,
TCCSKULLFRACTURE,52,Physiologic and anatomic EMS trauma triage criteria for transport to a trauma center as defined by the Centers for Disease Control and Prevention and the American College of Surgeons-Committee on Trauma. This information must be found on the scene of injury EMS Run Report.,1,1,1,,
TCCPARALYSIS,52,Physiologic and anatomic EMS trauma triage criteria for transport to a trauma center as defined by the Centers for Disease Control and Prevention and the American College of Surgeons-Committee on Trauma. This information must be found on the scene of injury EMS Run Report.,1,1,1,,
TCC_NA,52,Physiologic and anatomic EMS trauma triage criteria for transport to a trauma center as defined by the Centers for Disease Control and Prevention and the American College of Surgeons-Committee on Trauma. This information must be found on the scene of injury EMS Run Report.,1,1,1,,
TCC_UK,52,Physiologic and anatomic EMS trauma triage criteria for transport to a trauma center as defined by the Centers for Disease Control and Prevention and the American College of Surgeons-Committee on Trauma. This information must be found on the scene of injury EMS Run Report.,1,1,1,,
VPOFALLADULT,52,Physiologic and anatomic EMS trauma triage criteria for transport to a trauma center as defined by the Centers for Disease Control and Prevention and the American College of Surgeons-Committee on Trauma. This information must be found on the scene of injury EMS Run Report.,1,1,1,,
VPOFALLCHILD,52,Physiologic and anatomic EMS trauma triage criteria for transport to a trauma center as defined by the Centers for Disease Control and Prevention and the American College of Surgeons-Committee on Trauma. This information must be found on the scene of injury EMS Run Report.,1,1,1,,
VPOCRASHINTRUSION,52,Physiologic and anatomic EMS trauma triage criteria for transport to a trauma center as defined by the Centers for Disease Control and Prevention and the American College of Surgeons-Committee on Trauma. This information must be found on the scene of injury EMS Run Report.,1,1,1,,
VPOCRASHEJECT,52,Physiologic and anatomic EMS trauma triage criteria for transport to a trauma center as defined by the Centers for Disease Control and Prevention and the American College of Surgeons-Committee on Trauma. This information must be found on the scene of injury EMS Run Report.,1,1,1,,
VPOCRASHDEATH,52,Physiologic and anatomic EMS trauma triage criteria for transport to a trauma center as defined by the Centers for Disease Control and Prevention and the American College of Surgeons-Committee on Trauma. This information must be found on the scene of injury EMS Run Report.,1,1,1,,
VPOCRASHTELEMETRY,52,Physiologic and anatomic EMS trauma triage criteria for transport to a trauma center as defined by the Centers for Disease Control and Prevention and the American College of Surgeons-Committee on Trauma. This information must be found on the scene of injury EMS Run Report.,1,1,1,,
VPOAUTOPEDIMPACT,52,Physiologic and anatomic EMS trauma triage criteria for transport to a trauma center as defined by the Centers for Disease Control and Prevention and the American College of Surgeons-Committee on Trauma. This information must be found on the scene of injury EMS Run Report.,1,1,1,,
VPOMOTORCYCLECRASH,52,Physiologic and anatomic EMS trauma triage criteria for transport to a trauma center as defined by the Centers for Disease Control and Prevention and the American College of Surgeons-Committee on Trauma. This information must be found on the scene of injury EMS Run Report.,1,1,1,,
VPO65SBP110,52,Physiologic and anatomic EMS trauma triage criteria for transport to a trauma center as defined by the Centers for Disease Control and Prevention and the American College of Surgeons-Committee on Trauma. This information must be found on the scene of injury EMS Run Report.,1,1,1,,
VPOANTICOAGULANT,52,Physiologic and anatomic EMS trauma triage criteria for transport to a trauma center as defined by the Centers for Disease Control and Prevention and the American College of Surgeons-Committee on Trauma. This information must be found on the scene of injury EMS Run Report.,1,1,1,,
VPOPREGNANCY20WKS,52,Physiologic and anatomic EMS trauma triage criteria for transport to a trauma center as defined by the Centers for Disease Control and Prevention and the American College of Surgeons-Committee on Trauma. This information must be found on the scene of injury EMS Run Report.,1,1,1,,
VPOEMSJUDGE,52,Physiologic and anatomic EMS trauma triage criteria for transport to a trauma center as defined by the Centers for Disease Control and Prevention and the American College of Surgeons-Committee on Trauma. This information must be found on the scene of injury EMS Run Report.,1,1,0,,
VPOBURNS,52,Physiologic and anatomic EMS trauma triage criteria for transport to a trauma center as defined by the Centers for Disease Control and Prevention and the American College of Surgeons-Committee on Trauma. This information must be found on the scene of injury EMS Run Report.,1,1,1,,
VPOTRAUMABURNS,52,Physiologic and anatomic EMS trauma triage criteria for transport to a trauma center as defined by the Centers for Disease Control and Prevention and the American College of Surgeons-Committee on Trauma. This information must be found on the scene of injury EMS Run Report.,1,1,1,,
VPO_NA,52,Physiologic and anatomic EMS trauma triage criteria for transport to a trauma center as defined by the Centers for Disease Control and Prevention and the American College of Surgeons-Committee on Trauma. This information must be found on the scene of injury EMS Run Report.,1,1,1,,
VPO_UK,52,Physiologic and anatomic EMS trauma triage criteria for transport to a trauma center as defined by the Centers for Disease Control and Prevention and the American College of Surgeons-Committee on Trauma. This information must be found on the scene of injury EMS Run Report.,1,1,1,,
EDDISCHARGEHRS,80,The time the order was written for the patient to be discharged from the ED.,4,3,0,,
EDDISCHARGEDAYS,80,The time the order was written for the patient to be discharged from the ED.,4,3,0,,
EDDISCHARGEDH_BIU,80,The time the order was written for the patient to be discharged from the ED.,4,2,0,,
SBP,58,First recorded systolic blood pressure in the ED/hospital within 30 minutes or less of ED/hospital arrival.,2,3,1,,
SBP_BIU,58,First recorded systolic blood pressure in the ED/hospital within 30 minutes or less of ED/hospital arrival.,2,2,0,,
PULSERATE,59,First recorded pulse in the ED/hospital (palpated or auscultated) within 30 minutes or less of ED/hospital arrival (expressed as a number per minute).,2,3,1,,
PULSERATE_BIU,59,First recorded pulse in the ED/hospital (palpated or auscultated) within 30 minutes or less of ED/hospital arrival (expressed as a number per minute).,2,2,0,,
TEMPERATURE,60,First recorded temperature (in degrees Celsius [centigrade]) in the ED/hospital within 30 minutes or less of ED/hospital arrival.,2,3,1,,
TEMPERATURE_BIU,60,First recorded temperature (in degrees Celsius [centigrade]) in the ED/hospital within 30 minutes or less of ED/hospital arrival.,2,2,0,,
RESPIRATORYRATE,61,First recorded respiratory rate in the ED/hospital within 30 minutes or less of ED/hospital arrival (expressed as a number per minute).,2,3,1,,
RESPIRATORYRATE_BIU,61,First recorded respiratory rate in the ED/hospital within 30 minutes or less of ED/hospital arrival (expressed as a number per minute).,2,2,0,,
RESPIRATORYASSISTANCE,62,Determination of respiratory assistance associated with the initial ED/hospital respiratory rate within 30 minutes or less of ED/hospital arrival.,2,1,1,,
RESPIRATORYASSISTANCE_BIU,62,Determination of respiratory assistance associated with the initial ED/hospital respiratory rate within 30 minutes or less of ED/hospital arrival.,2,2,0,,
PULSEOXIMETRY,63,First recorded oxygen saturation in the ED/hospital within 30 minutes or less of ED/hospital arrival (expressed as a percentage).,2,3,1,,
PULSEOXIMETRY_BIU,63,First recorded oxygen saturation in the ED/hospital within 30 minutes or less of ED/hospital arrival (expressed as a percentage).,2,2,0,,
SUPPLEMENTALOXYGEN,64,Determination of the presence of supplemental oxygen during assessment of initial ED/hospital oxygen saturation level within 30 minutes or less of ED/hospital arrival.,2,1,1,,
SUPPLEMENTALOXYGEN_BIU,64,Determination of the presence of supplemental oxygen during assessment of initial ED/hospital oxygen saturation level within 30 minutes or less of ED/hospital arrival.,2,2,0,,
HEIGHT,73,First recorded height within 24 hours or less of ED/hospital arrival.,3,3,0,,
HEIGHT_BIU,73,First recorded height within 24 hours or less of ED/hospital arrival.,3,2,0,,
WEIGHT,74,First recorded weight within 24 hours or less of ED/hospital arrival.,3,3,0,,
WEIGHT_BIU,74,First recorded weight within 24 hours or less of ED/hospital arrival.,3,2,0,,
PRIMARYMETHODPAYMENT,161,Primary source of payment for hospital care.,4,2,0,,
PRIMARYMETHODPAYMENT_BIU,161,Primary source of payment for hospital care.,4,2,0,,
GCSEYE,65,First recorded Glasgow Coma Score (Eye) in the ED/hospital within 30 minutes or less of ED/hospital arrival.,2,2,1,,
GCSEYE_BIU,65,First recorded Glasgow Coma Score (Eye) in the ED/hospital within 30 minutes or less of ED/hospital arrival.,2,2,0,,
GCSVERBAL,66,First recorded Glasgow Coma Score (Verbal) within 30 minutes or less of ED/hospital arrival.,2,2,1,,
GCSVERBAL_BIU,66,First recorded Glasgow Coma Score (Verbal) within 30 minutes or less of ED/hospital arrival.,2,2,0,,
GCSMOTOR,67,First recorded Glasgow Coma Score (Motor) within 30 minutes or less of ED/hospital arrival.,2,2,1,,
GCSMOTOR_BIU,67,First recorded Glasgow Coma Score (Motor) within 30 minutes or less of ED/hospital arrival.,2,2,0,,
TOTALGCS,68,First recorded Glasgow Coma Score (total) within 30 minutes or less of ED/hospital arrival.,2,2,1,,
TOTALGCS_BIU,68,First recorded Glasgow Coma Score (total) within 30 minutes or less of ED/hospital arrival.,2,2,0,,
GCSQ_SEDATEDPARALYZED,69,Documentation of factors potentially affecting the first assessment of GCS within 30 minutes or less of ED/hospital arrival.,2,1,1,,
GCSQ_EYEOBSTRUCTION,69,Documentation of factors potentially affecting the first assessment of GCS within 30 minutes or less of ED/hospital arrival.,2,1,1,,
GCSQ_INTUBATED,69,Documentation of factors potentially affecting the first assessment of GCS within 30 minutes or less of ED/hospital arrival.,2,1,1,,
GCSQ_VALID,69,Documentation of factors potentially affecting the first assessment of GCS within 30 minutes or less of ED/hospital arrival.,2,1,1,,
GCSQ_NA,69,Documentation of factors potentially affecting the first assessment of GCS within 30 minutes or less of ED/hospital arrival.,2,1,1,,
GCSQ_UK,69,Documentation of factors potentially affecting the first assessment of GCS within 30 minutes or less of ED/hospital arrival.,2,1,1,,
DRGSCR_AMPHETAMINE,75,First recorded positive drug screen results within 24 hours after first hospital encounter,3,1,0,,
DRGSCR_BARBITURATE,75,First recorded positive drug screen results within 24 hours after first hospital encounter,3,1,0,,
DRGSCR_BENZODIAZEPINES,75,First recorded positive drug screen results within 24 hours after first hospital encounter,3,1,0,,
DRGSCR_COCAINE,75,First recorded positive drug screen results within 24 hours after first hospital encounter,3,1,0,,
DRGSCR_METHAMPHETAMINE,75,First recorded positive drug screen results within 24 hours after first hospital encounter,3,1,0,,
DRGSCR_ECSTASY,75,First recorded positive drug screen results within 24 hours after first hospital encounter,3,1,0,,
DRGSCR_METHADONE,75,First recorded positive drug screen results within 24 hours after first hospital encounter,3,1,0,,
DRGSCR_OPIOID,75,First recorded positive drug screen results within 24 hours after first hospital encounter,3,1,0,,
DRGSCR_OXYCODONE,75,First recorded positive drug screen results within 24 hours after first hospital encounter,3,1,0,,
DRGSCR_PHENCYCLIDINE,75,First recorded positive drug screen results within 24 hours after first hospital encounter,3,1,0,,
DRGSCR_TRICYCLICDEPRESS,75,First recorded positive drug screen results within 24 hours after first hospital encounter,3,1,0,,
DRGSCR_CANNABINOID,75,First recorded positive drug screen results within 24 hours after first hospital encounter,3,1,0,,
DRGSCR_OTHER,75,First recorded positive drug screen results within 24 hours after first hospital encounter,3,1,0,,
DRGSCR_NONE,75,First recorded positive drug screen results within 24 hours after first hospital encounter,3,1,0,,
DRGSCR_NOTTESTED,75,First recorded positive drug screen results within 24 hours after first hospital encounter,3,1,0,,
DRGSCR_UK,75,First recorded positive drug screen results within 24 hours after first hospital encounter,3,1,0,,
DRGSCR_NA,75,First recorded positive drug screen results within 24 hours after first hospital encounter,3,1,0,,
ALCOHOLSCREEN,76,A blood alcohol concentration (BAC) test was performed on the patient within 24 hours after first hospital encounter.,3,1,0,,
ALCOHOLSCREEN_BIU,76,A blood alcohol concentration (BAC) test was performed on the patient within 24 hours after first hospital encounter.,3,2,0,,
ALCOHOLSCREENRESULT,77,First recorded blood alcohol concentration (BAC) results within 24 hours after first hospital encounter.,3,3,0,,
ALCOHOLSCREENRESULT_BIU,77,First recorded blood alcohol concentration (BAC) results within 24 hours after first hospital encounter.,3,2,0,,
EDDISCHARGEDISPOSITION,78,The disposition unit the order was written for the patient to be discharged from the ED.,4,2,0,,
EDDISCHARGEDISPOSITION_BIU,78,The disposition unit the order was written for the patient to be discharged from the ED.,4,2,0,,
HOSPDISCHARGEDISPOSITION,158,The disposition of the patient when discharged from the hospital.,4,2,0,,
HOSPDISCHARGEDISPOSITION_BIU,158,The disposition of the patient when discharged from the hospital.,4,2,0,,
TOTALICULOS,152,The cumulative amount of time spent in the ICU. Each partial or full day should be measured as one calendar day.,4,3,0,,
TOTALICULOS_BIU,152,The cumulative amount of time spent in the ICU. Each partial or full day should be measured as one calendar day.,4,2,0,,
TOTALVENTDAYS,154,The cumulative amount of time spent on the ventilator. Each partial or full day should be measured as one calendar day.,4,3,0,,
TOTALVENTDAYS_BIU,154,The cumulative amount of time spent on the ventilator. Each partial or full day should be measured as one calendar day.,4,2,0,,
HOSPITALARRIVALHRS,57,The time the patient arrived to the ED/hospital.,2,3,1,,
HOSPITALARRIVALDAYS,57,The time the patient arrived to the ED/hospital.,2,3,1,,
HOSPITALARRIVALDH_BIU,57,The time the patient arrived to the ED/hospital.,2,2,0,,
FINALDISCHARGEHRS,157,The time the order was written for the patient to be discharged from the hospital.,4,3,0,,
FINALDISCHARGEDAYS,157,The time the order was written for the patient to be discharged from the hospital.,4,3,0,,
FINALDISCHARGEDH_BIU,157,The time the order was written for the patient to be discharged from the hospital.,4,2,0,,
TBIHIGHESTTOTALGCS,163,Documentation of factors potentially affecting the highest GCS on calendar day after ED/hospital arrival.,4,3,0,,
TBIHIGHESTTOTALGCS_BIU,163,Documentation of factors potentially affecting the highest GCS on calendar day after ED/hospital arrival.,4,2,0,,
TBIGCSMOTOR,164,Highest GCS motor on calendar day after ED/hospital arrival.,4,3,0,,
TBIGCSMOTOR_BIU,164,Highest GCS motor on calendar day after ED/hospital arrival.,4,2,0,,
PMGCSQ_SEDATEDPARALYZED,166,Documentation of factors potentially affecting the highest GCS on calendar day after ED/hospital arrival.,4,1,0,,
PMGCSQ_EYEOBSTRUCTION,166,Documentation of factors potentially affecting the highest GCS on calendar day after ED/hospital arrival.,4,1,0,,
PMGCSQ_INTUBATED,166,Documentation of factors potentially affecting the highest GCS on calendar day after ED/hospital arrival.,4,1,0,,
PMGCSQ_VALID,166,Documentation of factors potentially affecting the highest GCS on calendar day after ED/hospital arrival.,4,1,0,,
PMGCSQ_NA,166,Documentation of factors potentially affecting the highest GCS on calendar day after ED/hospital arrival.,4,1,0,,
PMGCSQ_UK,166,Documentation of factors potentially affecting the highest GCS on calendar day after ED/hospital arrival.,4,1,0,,
TBIPUPILLARYRESPONSE,170,Physiological response of the pupil size within 30 minutes or less of ED/hospital arrival.,2,2,1,,
TBIPUPILLARYRESPONSE_BIU,170,Physiological response of the pupil size within 30 minutes or less of ED/hospital arrival.,2,2,0,,
TBIMIDLINESHIFT,171,> 5mm shift of the brain past its center line within 24 hours after time of injury.,3,2,0,,
TBIMIDLINESHIFT_BIU,171,> 5mm shift of the brain past its center line within 24 hours after time of injury.,3,2,0,,
BLOOD4HOURS,178,Volume of packed red blood cells transfused (CCs [mLs]) within first 4 hours after ED/hospital arrival.,5,3,0,,
BLOOD4HOURS_BIU,178,Volume of packed red blood cells transfused (CCs [mLs]) within first 4 hours after ED/hospital arrival.,5,2,0,,
PLASMA4HOURS,180,Volume of plasma (CCs [mLs]) transfused within first 4 hours after ED/hospital arrival.,5,3,0,,
PLASMA4HOURS_BIU,180,Volume of plasma (CCs [mLs]) transfused within first 4 hours after ED/hospital arrival.,5,2,0,,
PLATELETS4HOURS,181,Volume of platelets (CCs [mLs]) transfused within first 4 hours after ED/hospital arrival.,5,3,0,,
PLATELETS4HOURS_BIU,181,Volume of platelets (CCs [mLs]) transfused within first 4 hours after ED/hospital arrival.,5,2,0,,
CRYOPRECIPITATE4HOURS,182,Volume of solution enriched with clotting factors transfused (CCs [mLs]) within first 4 hours after ED/hospital arrival.,5,3,0,,
CRYOPRECIPITATE4HOURS_BIU,182,Volume of solution enriched with clotting factors transfused (CCs [mLs]) within first 4 hours after ED/hospital arrival.,5,2,0,,
WHOLEBLOOD4HOURS,179,Volume of whole blood transfused (CCs [mLs]) within first 4 hours after ED/hospital arrival.,5,3,0,,
WHOLEBLOOD4HOURS_BIU,179,Volume of whole blood transfused (CCs [mLs]) within first 4 hours after ED/hospital arrival.,5,2,0,,
LOWESTSBP,183,Lowest systolic blood pressure measured within the first hour of ED/hospital arrival.,3,3,0,,
LOWESTSBP_BIU,183,Lowest systolic blood pressure measured within the first hour of ED/hospital arrival.,3,2,0,,
ESLIVER,185,Organ / site of embolization for hemorrhage control.,3,1,0,,
ESSPLEEN,185,Organ / site of embolization for hemorrhage control.,3,1,0,,
ESKIDNEY,185,Organ / site of embolization for hemorrhage control.,3,1,0,,
ESPELVIS,185,Organ / site of embolization for hemorrhage control.,3,1,0,,
ESRETROPERI,185,Organ / site of embolization for hemorrhage control.,3,1,0,,
ESVASCULAR,185,Organ / site of embolization for hemorrhage control.,3,1,0,,
ESOTHER,185,Organ / site of embolization for hemorrhage control.,3,1,0,,
ES_UK,185,Organ / site of embolization for hemorrhage control.,3,1,0,,
ES_NA,185,Organ / site of embolization for hemorrhage control.,3,1,0,,
ANGIOGRAPHY,184,First interventional angiogram for hemorrhage control within first 24 hours of ED/hospital arrival.,3,1,0,,
ANGIOGRAPHY_BIU,184,First interventional angiogram for hemorrhage control within first 24 hours of ED/hospital arrival.,3,1,0,,
ANGIOGRAPHYHRS,187,Time the first angiogram with or without embolization was performed.,3,5,0,,
ANGIOGRAPHYDAYS,187,Time the first angiogram with or without embolization was performed.,3,5,0,,
ANGIOGRAPHYDH_BIU,187,Time the first angiogram with or without embolization was performed.,3,2,0,,
HMRRHGCTRLSURGTYPE,188,First type of surgery for hemorrhage control within the first 24 hours of ED/hospital arrival.,3,2,0,,
HMRRHGCTRLSURGTYPE_BIU,188,First type of surgery for hemorrhage control within the first 24 hours of ED/hospital arrival.,3,2,0,,
HMRRHGCTRLSURGHRS,189,Time of first surgery for hemorrhage control within first 24 hours of ED/hospital arrival.,3,5,0,,
HMRRHGCTRLSURGDAYS,189,Time of first surgery for hemorrhage control within first 24 hours of ED/hospital arrival.,3,5,0,,
HMRRHGCTRLSURGDH_BIU,189,Time of first surgery for hemorrhage control within first 24 hours of ED/hospital arrival.,3,2,0,,
ICPEVDRAIN,172,"Indicate all cerebral monitors that were placed, including any of the following: ventriculostomy, subarachnoid bolt, camino bolt, external ventricular drain (EVD), licox monitor, jugular venous bulb.",3,1,0,,
ICPPARENCH,172,"Indicate all cerebral monitors that were placed, including any of the following: ventriculostomy, subarachnoid bolt, camino bolt, external ventricular drain (EVD), licox monitor, jugular venous bulb.",3,1,0,,
ICPO2MONITOR,172,"Indicate all cerebral monitors that were placed, including any of the following: ventriculostomy, subarachnoid bolt, camino bolt, external ventricular drain (EVD), licox monitor, jugular venous bulb.",3,1,0,,
ICPJVBULB,172,"Indicate all cerebral monitors that were placed, including any of the following: ventriculostomy, subarachnoid bolt, camino bolt, external ventricular drain (EVD), licox monitor, jugular venous bulb.",3,1,0,,
ICPNONE,172,"Indicate all cerebral monitors that were placed, including any of the following: ventriculostomy, subarachnoid bolt, camino bolt, external ventricular drain (EVD), licox monitor, jugular venous bulb.",3,1,0,,
ICP_NA,172,"Indicate all cerebral monitors that were placed, including any of the following: ventriculostomy, subarachnoid bolt, camino bolt, external ventricular drain (EVD), licox monitor, jugular venous bulb.",3,1,0,,
ICP_UK,172,"Indicate all cerebral monitors that were placed, including any of the following: ventriculostomy, subarachnoid bolt, camino bolt, external ventricular drain (EVD), licox monitor, jugular venous bulb.",3,1,0,,
TBICEREBRALMONITORHRS,174,Time of first cerebral monitor placement.,3,5,0,,
TBICEREBRALMONITORDAYS,174,Time of first cerebral monitor placement.,3,5,0,,
TBICEREBRALMONITORDH_BIU,174,Time of first cerebral monitor placement.,3,2,0,,
VTEPROPHYLAXISTYPE,175,Type of first dose of VTE prophylaxis administered to patient at your hospital.,3,2,0,,
VTEPROPHYLAXISTYPE_BIU,175,Type of first dose of VTE prophylaxis administered to patient at your hospital.,3,2,0,,
VTEPROPHYLAXISHRS,176,Time of administration of first dose of VTE prophylaxis administered to patient at your hospital,3,5,0,,
VTEPROPHYLAXISDAYS,176,Time of administration of first dose of VTE prophylaxis administered to patient at your hospital,3,5,0,,
VTEPROPHYLAXISDH_BIU,176,Time of administration of first dose of VTE prophylaxis administered to patient at your hospital,3,2,0,,
WITHDRAWALLST,191,Treatment was withdrawn based on a decision to either remove or withhold further life supporting,4,1,0,,
WITHDRAWALLST_BIU,191,Treatment was withdrawn based on a decision to either remove or withhold further life supporting,4,2,0,,
WITHDRAWALLSTHRS,192,The date treatment was withdrawn.,4,5,0,,
WITHDRAWALLSTDAYS,192,The date treatment was withdrawn.,4,5,0,,
WITHDRAWALLSTDH_BIU,192,The date treatment was withdrawn.,4,2,0,,
ANTIBIOTICTHERAPY,194,Intravenous antibiotic therapy was administered to the patient within 24 hours after first hospital encounter.,4,1,0,,
ANTIBIOTICTHERAPY_BIU,194,Intravenous antibiotic therapy was administered to the patient within 24 hours after first hospital encounter.,4,2,0,,
ANTIBIOTICTHERAPYHRS,195,The date of first recorded intravenous antibiotic therapy administered to the patient within 24 hours after first hospital encounter.,4,5,0,,
ANTIBIOTICTHERAPYDAYS,195,The date of first recorded intravenous antibiotic therapy administered to the patient within 24 hours after first hospital encounter.,4,5,0,,
ANTIBIOTICTHERAPYDH_BIU,195,The date of first recorded intravenous antibiotic therapy administered to the patient within 24 hours after first hospital encounter.,4,2,0,,
EMSGCS40EYE,48,First recorded Glasgow Coma Score 40 (Eye) measured at the scene of injury.,1,3,0,,
EMSGCS40EYE_BIU,48,First recorded Glasgow Coma Score 40 (Eye) measured at the scene of injury.,1,2,0,,
EMSGCS40MOTOR,50,First recorded Glasgow Coma Score 40 (Motor) measured at the scene of injury.,1,3,0,,
EMSGCS40MOTOR_BIU,50,First recorded Glasgow Coma Score 40 (Motor) measured at the scene of injury.,1,2,0,,
EMSGCS40VERBAL,49,First recorded Glasgow Coma Score 40 (Verbal) measured at the scene of injury.,1,3,0,,
EMSGCS40VERBAL_BIU,49,First recorded Glasgow Coma Score 40 (Verbal) measured at the scene of injury.,1,2,0,,
GCS40EYE,70,First recorded Glasgow Coma Score 40 (Eye) in the ED/hospital within 30 minutes or less of ED/hospital arrival.,1,3,0,,
GCS40EYE_BIU,70,First recorded Glasgow Coma Score 40 (Eye) in the ED/hospital within 30 minutes or less of ED/hospital arrival.,1,2,0,,
GCS40MOTOR,72,First recorded Glasgow Coma Score 40 (Motor) within 30 minutes or less of ED/hospital arrival.,1,3,0,,
GCS40MOTOR_BIU,72,First recorded Glasgow Coma Score 40 (Motor) within 30 minutes or less of ED/hospital arrival.,1,2,0,,
GCS40VERBAL,71,First recorded Glasgow Coma Score 40 (Verbal) within 30 minutes or less of ED/hospital arrival.,1,3,0,,
GCS40VERBAL_BIU,71,First recorded Glasgow Coma Score 40 (Verbal) within 30 minutes or less of ED/hospital arrival.,1,2,0,,
TBIGCS40MOTOR,168,Highest GCS 40 motor on calendar day after ED/hospital arrival.,4,3,0,,
TBIGCS40MOTOR_BIU,168,Highest GCS 40 motor on calendar day after ED/hospital arrival.,4,2,0,,
TEACHINGSTATUS,,,,,,,
HOSPITALTYPE,,,,,,,
Bedsize,,,,,,,
VERIFICATIONLEVEL,,,,,,,
PEDIATRICVERIFICATIONLEVEL,,,,,,,
STATEDESIGNATION,,,,,,,
STATEPEDIATRICDESIGNATION,,,,,,,
ISS,,,,,,,
ISSVersion,,,,,,,
InpatientHrs,,,,,,,
InpatientDays,,,,,,,
InpatientDH_BIU,,,,,,,
nfti_prbc,,receiving packed red blood cells within 4 hr,4,1,0,,
nfti_OR,,OR < 90 minutes,4,1,0,,
nfti_ICU,,LOS > 3 days,4,1,0,,
nfti_IR,,Sent to IR,4,1,0,,
nfti_death,,death within 60 hrs,4,1,0,,
dssi,127,Diagnosis Information,4,1,0,,
mi,132,Diagnosis Information,4,1,0,,
uicu,143,Diagnosis Information,4,1,0,,
uor,145,Diagnosis Information,4,1,0,,
aki,118,Diagnosis Information,4,1,0,,
ards,120,Diagnosis Information,4,1,0,,
aws,121,Diagnosis Information,4,1,0,,
ca_cpr,122,Diagnosis Information,4,1,0,,
cauti,123,Diagnosis Information,4,1,0,,
clabsi,125,Diagnosis Information,4,1,0,,
dvt,129,Diagnosis Information,4,1,0,,
delirium,130,Diagnosis Information,4,1,0,,
osssi,141,Diagnosis Information,4,1,0,,
osteo,135,Diagnosis Information,4,1,0,,
pe,136,Diagnosis Information,4,1,0,,
pressure_ulcer,137,Diagnosis Information,4,1,0,,
severe_sepsis,138,Diagnosis Information,4,1,0,,
stroke,139,Diagnosis Information,4,1,0,,
sssi,133,Diagnosis Information,4,1,0,,
u_intubation,144,Diagnosis Information,4,1,0,,
vap,146,Diagnosis Information,4,1,0,,
ecs,131,Diagnosis Information,4,1,0,,
other,,,,,,,
decub,,,,,,,
graft_prosth_flap_fx,,,,,,,
pna,,,,,,,
uti,,,,,,,
crbsi,,,,,,,
proc_intubate,,,,,,,
nfti_intubate,,mechanical ventilation outside of procedural anesthesia within 3 days,,1,0,,
nfti_positive,,any NFTI+ criteria met,,1,0,,1
ECode_Desc,,,,,,,
INTENT,,,,,,,
MECHANISM,,,1,2,1,,
TRAUMATYPE,,,1,2,1,,
mechanism,,,,,,,
TQIPSITE,,,,,,,
ADULTTQIP,,,,,,,
PedsTQIP,,,,,,,
L3TQIP,,,,,,,
